epoch,time,train/box_loss,train/cls_loss,train/dfl_loss,metrics/precision(B),metrics/recall(B),metrics/mAP50(B),metrics/mAP50-95(B),val/box_loss,val/cls_loss,val/dfl_loss,lr/pg0,lr/pg1,lr/pg2
1,18.4243,0,28.8076,0,0,0,0,0,0,11.1186,0,1.667e-05,1.667e-05,1.667e-05
2,21.0989,0,28.7357,0,0,0,0,0,0,11.1102,0,4.95149e-05,4.95149e-05,4.95149e-05
3,23.2765,0,28.6542,0,0,0,0,0,0,11.1024,0,8.16997e-05,8.16997e-05,8.16997e-05
4,26.039,0,28.4709,0,0,0,0,0,0,11.0915,0,0.000113224,0.000113224,0.000113224
5,30.8722,0,28.3072,0,0,0,0,0,0,11.0782,0,0.000144089,0.000144089,0.000144089
