epoch,time,train/box_loss,train/cls_loss,train/dfl_loss,metrics/precision(B),metrics/recall(B),metrics/mAP50(B),metrics/mAP50-95(B),val/box_loss,val/cls_loss,val/dfl_loss,lr/pg0,lr/pg1,lr/pg2
1,2.40195,0,28.8076,0,0,0,0,0,0,11.1186,0,1.667e-05,1.667e-05,1.667e-05
2,4.49349,0,28.736,0,0,0,0,0,0,11.1103,0,4.90198e-05,4.90198e-05,4.90198e-05
3,6.60876,0,28.6559,0,0,0,0,0,0,11.1026,0,8.00493e-05,8.00493e-05,8.00493e-05
4,8.61104,0,28.4752,0,0,0,0,0,0,11.092,0,0.000109759,0.000109759,0.000109759
5,10.9002,0,28.3149,0,0,0,0,0,0,11.0793,0,0.000138148,0.000138148,0.000138148
6,12.8559,0,28.1606,0,0,0,0,0,0,11.0793,0,0.000165216,0.000165216,0.000165216
7,14.7798,0,28.0059,0,0,0,0,0,0,11.0639,0,0.000190965,0.000190965,0.000190965
8,17.5984,0,27.8978,0,0,0,0,0,0,11.0466,0,0.000215393,0.000215393,0.000215393
9,20.969,0,27.6524,0,0,0,0,0,0,11.0466,0,0.000238501,0.000238501,0.000238501
